Número de threads,Tempo,Resultado
1,8.472907,7
2,4.369262,7
4,2.241397,7
5,1.863059,7
8,1.817334,7
10,1.691143,7
16,1.602171,7
20,1.532521,7
25,1.538906,7
