Número de threads,Tempo,Resultado
1,2.159478,7
2,1.088711,7
4,0.566708,7
5,0.457942,7
8,0.527165,7
10,0.426565,7
16,0.438053,7
20,0.419932,7
25,0.403538,7
