Número de processos,Tempo,Resultado
1,10.024949,7
2,5.629427,7
4,3.321490,7
5,2.930013,7
8,3.173556,7
10,2.927707,7
16,2.633257,7
20,2.463166,7
25,2.454019,7
