Número de processos,Tempo,Resultado
1,2.559699,7
2,1.344688,7
4,0.854900,7
5,0.709664,7
8,0.823794,7
10,0.742841,7
16,0.641446,7
20,0.644755,7
25,0.644960,7
