Número de processos,Tempo,Resultado
1,0.024809,7
2,0.025934,7
4,0.015612,7
5,0.013718,7
8,0.015638,7
10,0.013146,7
20,0.034012,7
25,0.027643,7
