Número de threads,Tempo,Resultado
1,2.388875,1
2,1.722782,1
4,0.724828,1
5,0.601625,1
8,0.560580,1
10,0.525175,1
16,0.450974,1
20,0.458571,1
25,0.451809,1
